{
    "A": 121.31999969482422,
    "AAL": 20.18000030517578,
    "AAP": 218.38999938964844,
    "AAPL": 161.7899932861328,
    "ABBV": 154.99000549316406,
    "ABC": 159.0,
    "ABMD": 295.8299865722656,
    "ABT": 119.63999938964844,
    "ACN": 310.79998779296875,
    "ADBE": 408.6700134277344,
    "ADI": 155.25,
    "ADM": 92.18000030517578,
    "ADP": 223.52000427246094,
    "ADSK": 187.30999755859375,
    "AEE": 96.87999725341797,
    "AEP": 100.25,
    "AES": 22.489999771118164,
    "AFL": 63.369998931884766,
    "AIG": 60.439998626708984,
    "AIZ": 186.57000732421875,
    "AJG": 178.02999877929688,
    "AKAM": 117.13999938964844,
    "ALB": 200.63999938964844,
    "ALGN": 360.57000732421875,
    "ALK": 56.54999923706055,
    "ALL": 132.07000732421875,
    "ALLE": 114.51000213623047,
    "AMAT": 112.80000305175781,
    "AMCR": 11.579999923706055,
    "AMD": 88.13999938964844,
    "AME": 127.16999816894531,
    "AMGN": 250.35000610351562,
    "AMP": 280.0799865722656,
    "AMT": 261.8999938964844,
    "AMZN": 2887.0,
    "ANET": 117.69999694824219,
    "ANSS": 276.5199890136719,
    "ANTM": 502.6300048828125,
    "AON": 321.6400146484375,
    "AOS": 64.73999786376953,
    "APA": 40.709999084472656,
    "APD": 242.9199981689453,
    "APH": 69.44000244140625,
    "APTV": 106.4800033569336,
    "ARE": 195.77999877929688,
    "ATO": 118.69999694824219,
    "ATVI": 78.61000061035156,
    "AVB": 250.85000610351562,
    "AVGO": 586.9500122070312,
    "AVY": 167.4199981689453,
    "AWK": 164.1999969482422,
    "AXP": 180.5399932861328,
    "AZO": 2160.27001953125,
    "BA": 176.9199981689453,
    "BAC": 37.560001373291016,
    "BAX": 73.08000183105469,
    "BBWI": 53.40999984741211,
    "BBY": 91.27999877929688,
    "BDX": 255.0399932861328,
    "BEN": 26.389999389648438,
    "BF-B": 66.98999786376953,
    "BIIB": 209.99000549316406,
    "BIO": 534.2899780273438,
    "BK": 44.209999084472656,
    "BKNG": 2213.8701171875,
    "BKR": 32.20000076293945,
    "BLK": 662.9400024414062,
    "BLL": 86.44999694824219,
    "BMY": 75.75,
    "BR": 148.3000030517578,
    "BRK-B": 335.55999755859375,
    "BRO": 67.7300033569336,
    "BSX": 43.900001525878906,
    "BWA": 37.86000061035156,
    "BXP": 125.69000244140625,
    "C": 51.22999954223633,
    "CAG": 36.119998931884766,
    "CAH": 61.56999969482422,
    "CARR": 41.66999816894531,
    "CAT": 216.3000030517578,
    "CB": 206.10000610351562,
    "CBOE": 114.11000061035156,
    "CBRE": 84.56999969482422,
    "CCI": 194.13999938964844,
    "CCL": 18.84000015258789,
    "CDAY": 56.720001220703125,
    "CDNS": 148.07000732421875,
    "CDW": 169.5399932861328,
    "CE": 142.7100067138672,
    "CEG": 62.43000030517578,
    "CERN": 93.69999694824219,
    "CF": 96.94000244140625,
    "CFG": 41.84000015258789,
    "CHD": 102.79000091552734,
    "CHRW": 102.13999938964844,
    "CHTR": 511.3699951171875,
    "CI": 255.05999755859375,
    "CINF": 136.66000366210938,
    "CL": 81.0999984741211,
    "CLX": 150.64999389648438,
    "CMA": 80.97000122070312,
    "CMCSA": 45.380001068115234,
    "CME": 222.9199981689453,
    "CMG": 1480.8499755859375,
    "CMI": 199.1999969482422,
    "CMS": 71.76000213623047,
    "CNC": 84.41000366210938,
    "CNP": 31.829999923706055,
    "COF": 135.27999877929688,
    "COO": 390.9100036621094,
    "COP": 96.01000213623047,
    "COST": 571.7000122070312,
    "CPB": 46.939998626708984,
    "CPRT": 116.1500015258789,
    "CPT": 167.07000732421875,
    "CRL": 273.0299987792969,
    "CRM": 171.42999267578125,
    "CSCO": 51.36000061035156,
    "CSX": 34.52000045776367,
    "CTAS": 407.989990234375,
    "CTLT": 90.66999816894531,
    "CTRA": 28.959999084472656,
    "CTSH": 83.16000366210938,
    "CTVA": 57.68000030517578,
    "CTXS": 101.5,
    "CVS": 101.68000030517578,
    "CVX": 160.9499969482422,
    "CZR": 66.5999984741211,
    "D": 84.88999938964844,
    "DAL": 43.689998626708984,
    "DD": 67.29000091552734,
    "DE": 403.57000732421875,
    "DFS": 112.37000274658203,
    "DG": 248.80999755859375,
    "DGX": 137.19000244140625,
    "DHI": 71.3499984741211,
    "DHR": 264.55999755859375,
    "DIS": 118.2699966430664,
    "DISH": 30.6299991607666,
    "DLR": 149.75999450683594,
    "DLTR": 167.49000549316406,
    "DOV": 143.0,
    "DOW": 68.5,
    "DPZ": 378.8299865722656,
    "DRE": 59.880001068115234,
    "DRI": 134.0500030517578,
    "DTE": 136.80999755859375,
    "DUK": 114.27999877929688,
    "DVA": 111.41000366210938,
    "DVN": 58.06999969482422,
    "DXC": 29.43000030517578,
    "DXCM": 440.6499938964844,
    "EA": 128.08999633789062,
    "EBAY": 53.16999816894531,
    "ECL": 175.1999969482422,
    "ED": 96.48999786376953,
    "EFX": 203.60000610351562,
    "EIX": 71.62000274658203,
    "EL": 264.0400085449219,
    "EMN": 106.41999816894531,
    "EMR": 93.5999984741211,
    "ENPH": 153.6300048828125,
    "EOG": 116.12000274658203,
    "EPAM": 276.760009765625,
    "EQIX": 745.4099731445312,
    "EQR": 91.1500015258789,
    "ES": 92.0,
    "ESS": 351.5299987792969,
    "ETN": 146.0399932861328,
    "ETR": 123.33999633789062,
    "ETSY": 98.41000366210938,
    "EVRG": 71.33000183105469,
    "EW": 118.37999725341797,
    "EXC": 48.650001525878906,
    "EXPD": 99.43000030517578,
    "EXPE": 181.64999389648438,
    "EXR": 212.55999755859375,
    "F": 15.130000114440918,
    "FANG": 130.10000610351562,
    "FAST": 56.95000076293945,
    "FB": 184.11000061035156,
    "FBHS": 70.52999877929688,
    "FCX": 41.90999984741211,
    "FDS": 427.2300109863281,
    "FDX": 205.2100067138672,
    "FE": 46.0099983215332,
    "FFIV": 200.4600067138672,
    "FIS": 99.97000122070312,
    "FISV": 97.36000061035156,
    "FITB": 38.43000030517578,
    "FLT": 252.24000549316406,
    "FMC": 132.6300048828125,
    "FOX": 35.33000183105469,
    "FOXA": 38.209999084472656,
    "FRC": 157.05999755859375,
    "FRT": 121.79000091552734,
    "FTNT": 304.2900085449219,
    "FTV": 57.79999923706055,
    "GD": 238.7899932861328,
    "GE": 89.06999969482422,
    "GILD": 62.25,
    "GIS": 72.5,
    "GL": 103.45999908447266,
    "GLW": 33.79999923706055,
    "GM": 39.84000015258789,
    "GNRC": 237.97999572753906,
    "GOOG": 2392.280029296875,
    "GOOGL": 2392.7099609375,
    "GPC": 133.63999938964844,
    "GPN": 134.44000244140625,
    "GRMN": 110.5,
    "GS": 319.7699890136719,
    "GWW": 499.3399963378906,
    "HAL": 37.689998626708984,
    "HAS": 87.93000030517578,
    "HBAN": 13.760000228881836,
    "HCA": 210.63999938964844,
    "HD": 300.1099853515625,
    "HES": 106.44999694824219,
    "HIG": 71.51000213623047,
    "HII": 222.1699981689453,
    "HLT": 153.35000610351562,
    "HOLX": 73.93000030517578,
    "HON": 190.6300048828125,
    "HPE": 15.75,
    "HPQ": 36.790000915527344,
    "HRL": 53.58000183105469,
    "HSIC": 87.29000091552734,
    "HST": 20.559999465942383,
    "HSY": 224.13999938964844,
    "HUM": 444.4800109863281,
    "HWM": 34.959999084472656,
    "IBM": 138.25,
    "ICE": 117.25,
    "IDXX": 473.6400146484375,
    "IEX": 191.4199981689453,
    "IFF": 124.61000061035156,
    "ILMN": 322.6700134277344,
    "INCY": 76.58000183105469,
    "INTC": 46.540000915527344,
    "INTU": 443.2900085449219,
    "IP": 47.720001220703125,
    "IPG": 35.04999923706055,
    "IPGP": 95.56999969482422,
    "IQV": 228.16000366210938,
    "IR": 45.939998626708984,
    "IRM": 56.68000030517578,
    "ISRG": 252.33999633789062,
    "IT": 293.3299865722656,
    "ITW": 203.35000610351562,
    "IVZ": 20.6299991607666,
    "J": 142.1999969482422,
    "JBHT": 169.35000610351562,
    "JCI": 62.93000030517578,
    "JKHY": 197.30999755859375,
    "JNJ": 181.5399932861328,
    "JNPR": 35.150001525878906,
    "JPM": 126.80999755859375,
    "K": 69.33000183105469,
    "KEY": 20.709999084472656,
    "KEYS": 145.27999877929688,
    "KHC": 43.18000030517578,
    "KIM": 25.440000534057617,
    "KLAC": 324.2799987792969,
    "KMB": 138.50999450683594,
    "KMI": 19.149999618530273,
    "KMX": 90.37999725341797,
    "KO": 65.25,